Target,Date,MJD,Lane Count,Total Size (GB),Path,Header Path
J0030+0451,2024-10-03 00:30:51,60586.021423611106,4,767.0812410404906,/mnt/ucc1_recording1/data/observations/20241002T180100/20241003003051J0030+0451,/mnt/ucc4_data2/data/David/hdrs/mode5/J0030+0451.sigprochdr
J2145-0750,2024-10-02 20:10:51,60585.84086805556,4,563.3060296792537,/mnt/ucc1_recording1/data/observations/20241002T180100/20241002201051J2145-0750,/mnt/ucc4_data2/data/David/hdrs/mode5/J2145-0750.sigprochdr
J1022+1001,2024-01-17 02:59:51,60326.12489583333,4,4.842877388000488e-08,/mnt/ucc1_recording1/data/observations/20240116T120000/20240117025951J1022+1001_PSR,/mnt/ucc4_data2/data/David/hdrs/mode5/J1022+1001.sigprochdr
B0329+54,2024-01-17 01:59:51,60326.08322916667,4,4.842877388000488e-08,/mnt/ucc1_recording1/data/observations/20240116T120000/20240117015951B0329+54_PSR,/mnt/ucc4_data2/data/David/hdrs/mode5/B0329+54.sigprochdr
B0329+54,2024-01-16 21:59:51,60325.9165625,4,4.842877388000488e-08,/mnt/ucc1_recording1/data/observations/20240116T120000/20240116215951B0329+54_PSR,/mnt/ucc4_data2/data/David/hdrs/mode5/B0329+54.sigprochdr
B0329+54,2024-01-17 03:39:51,60326.15267361111,4,67.15521470550448,/mnt/ucc1_recording1/data/observations/20240116T120000/20240117033951B0329+54_PSR,/mnt/ucc4_data2/data/David/hdrs/mode5/B0329+54.sigprochdr
B0329+54,2024-01-17 09:59:51,60326.4165625,4,262.9103581653908,/mnt/ucc1_recording1/data/observations/20240116T120000/20240117095951B0329+54_PSR,/mnt/ucc4_data2/data/David/hdrs/mode5/B0329+54.sigprochdr
B0329+54,2024-01-17 00:04:51,60326.00336805556,4,4.842877388000488e-08,/mnt/ucc1_recording1/data/observations/20240116T120000/20240117000451B0329+54_PSR,/mnt/ucc4_data2/data/David/hdrs/mode5/B0329+54.sigprochdr
J0034-0534,2024-01-16 15:43:00,60325.65486111111,4,4.842877388000488e-08,/mnt/ucc1_recording1/data/observations/20240116T120000/20240116154300J0034-0534_PSR,/mnt/ucc4_data2/data/David/hdrs/mode5/J0034-0534.sigprochdr
B0329+54,2024-01-17 07:59:51,60326.33322916667,4,262.34104199148715,/mnt/ucc1_recording1/data/observations/20240116T120000/20240117075951B0329+54_PSR,/mnt/ucc4_data2/data/David/hdrs/mode5/B0329+54.sigprochdr
B0329+54,2024-01-16 20:34:51,60325.85753472222,4,230.56816910859197,/mnt/ucc1_recording1/data/observations/20240116T120000/20240116203451B0329+54_PSR,/mnt/ucc4_data2/data/David/hdrs/mode5/B0329+54.sigprochdr
B0329+54,2024-01-17 06:59:51,60326.2915625,4,250.3062090538442,/mnt/ucc1_recording1/data/observations/20240116T120000/20240117065951B0329+54_PSR,/mnt/ucc4_data2/data/David/hdrs/mode5/B0329+54.sigprochdr
B0329+54,2024-01-17 10:59:51,60326.45822916667,4,4.842877388000488e-08,/mnt/ucc1_recording1/data/observations/20240116T120000/20240117105951B0329+54_PSR,/mnt/ucc4_data2/data/David/hdrs/mode5/B0329+54.sigprochdr
B0329+54,2024-01-17 08:59:51,60326.37489583333,4,257.8282489180565,/mnt/ucc1_recording1/data/observations/20240116T120000/20240117085951B0329+54_PSR,/mnt/ucc4_data2/data/David/hdrs/mode5/B0329+54.sigprochdr
B0329+54,2024-01-17 06:04:51,60326.25336805556,4,4.842877388000488e-08,/mnt/ucc1_recording1/data/observations/20240116T120000/20240117060451B0329+54_PSR,/mnt/ucc4_data2/data/David/hdrs/mode5/B0329+54.sigprochdr
B0329+54,2024-01-16 15:59:51,60325.6665625,4,300.5347777456045,/mnt/ucc1_recording1/data/observations/20240116T120000/20240116155951B0329+54_PSR,/mnt/ucc4_data2/data/David/hdrs/mode5/B0329+54.sigprochdr
B0329+54,2024-01-16 16:59:51,60325.70822916667,4,4.842877388000488e-08,/mnt/ucc1_recording1/data/observations/20240116T120000/20240116165951B0329+54_PSR,/mnt/ucc4_data2/data/David/hdrs/mode5/B0329+54.sigprochdr
B0329+54,2024-01-17 00:59:51,60326.0415625,4,4.842877388000488e-08,/mnt/ucc1_recording1/data/observations/20240116T120000/20240117005951B0329+54_PSR,/mnt/ucc4_data2/data/David/hdrs/mode5/B0329+54.sigprochdr
GJ,2024-06-26 01:54:51,60487.07975694444,4,798.2294779587537,/mnt/ucc1_recording1/data/observations/20240625T195300/20240626015451GJ,Unknown
CR-Draconis,2024-06-26 03:15:51,60487.13600694445,4,370.355172094889,/mnt/ucc1_recording1/data/observations/20240625T195300/20240626031551CR-Draconis,Unknown
Crab,2024-06-26 10:59:51,60487.45822916667,4,292.0822976930067,/mnt/ucc1_recording1/data/observations/20240625T195300/20240626105951Crab_PSR,/mnt/ucc4_data2/data/David/hdrs/mode5/Crab.sigprochdr
J2113+73,2024-05-14 06:59:51,60444.2915625,4,800.8860438456759,/mnt/ucc1_recording1/data/observations/20240514T060000/20240514065951J2113+73,/mnt/ucc4_data2/data/David/hdrs/mode5/J2113+73.sigprochdr
J2145-0750,2024-05-14 06:29:51,60444.27072916667,4,24.511395131237805,/mnt/ucc1_recording1/data/observations/20240514T060000/20240514062951J2145-0750_PSR,/mnt/ucc4_data2/data/David/hdrs/mode5/J2145-0750.sigprochdr
Crab,2024-06-11 10:59:51,60472.45822916667,4,617.0778339309618,/mnt/ucc1_recording1/data/observations/20240611T060000/20240611105951Crab_PSR,/mnt/ucc4_data2/data/David/hdrs/mode5/Crab.sigprochdr
CR_Draconis,2024-03-06 06:24:51,60375.26725694444,4,827.4155075764284,/mnt/ucc1_recording1/data/observations/20240304T140000/20240306062451CR_Draconis,Unknown
TVLM_513-46,2024-03-06 03:59:51,60375.1665625,4,1079.8450664831325,/mnt/ucc1_recording1/data/observations/20240304T140000/20240306035951TVLM_513-46,/mnt/ucc4_data2/data/David/hdrs/mode5/TVLM_513-46.sigprochdr
J1744-1134,2024-05-21 23:29:51,60451.9790625,4,545.3824390685186,/mnt/ucc1_recording1/data/observations/20240521T200000/20240521232951J1744-1134,/mnt/ucc4_data2/data/David/hdrs/mode5/J1744-1134.sigprochdr
J2145-0750,2024-01-22 11:59:51,60331.49989583333,4,408.16656028758734,/mnt/ucc1_recording1/data/observations/20240122T073100/20240122115951J2145-0750_PSR,/mnt/ucc4_data2/data/David/hdrs/mode5/J2145-0750.sigprochdr
Crab,2024-04-30 14:59:51,60430.62489583333,4,605.687094476074,/mnt/ucc1_recording1/data/observations/20240430145951Crab_PSR,/mnt/ucc4_data2/data/David/hdrs/mode5/Crab.sigprochdr
J2145-0750,2025-02-19 11:59:51,60725.49989583333,4,265.0009580142796,/mnt/ucc1_recording1/data/observations/20250219T092500/20250219115951J2145-0750_PSR,/mnt/ucc4_data2/data/David/hdrs/mode5/J2145-0750.sigprochdr
J0034-0534,2025-02-19 14:44:51,60725.61447916667,4,263.11233798321337,/mnt/ucc1_recording1/data/observations/20250219T092500/20250219144451J0034-0534_PSR,/mnt/ucc4_data2/data/David/hdrs/mode5/J0034-0534.sigprochdr
Crab,2024-08-13 07:59:51,60535.33322916667,4,294.94382563140243,/mnt/ucc1_recording1/data/observations/20240812T224500/20240813075951Crab_PSR,/mnt/ucc4_data2/data/David/hdrs/mode5/Crab.sigprochdr
Crab,2024-06-04 11:29:51,60465.4790625,4,593.9217062909156,/mnt/ucc1_recording1/data/observations/20240604T060000/20240604112951Crab_PSR,/mnt/ucc4_data2/data/David/hdrs/mode5/Crab.sigprochdr
Crab,2024-10-08 05:00:51,60591.208923611106,4,295.4275829605758,/mnt/ucc1_recording1/data/observations/20241007T191500/20241008050051Crab_PSR,/mnt/ucc4_data2/data/David/hdrs/mode5/Crab.sigprochdr
Crab,2024-07-02 10:59:51,60493.45822916667,4,295.69389324449,/mnt/ucc1_recording1/data/observations/20240702T060000/20240702105951Crab_PSR,/mnt/ucc4_data2/data/David/hdrs/mode5/Crab.sigprochdr
Crab,2024-07-03 10:59:51,60494.45822916667,4,295.7152918037027,/mnt/ucc1_recording1/data/observations/20240702T060000/20240703105951Crab_PSR,/mnt/ucc4_data2/data/David/hdrs/mode5/Crab.sigprochdr
Crab,2024-08-06 08:29:51,60528.3540625,4,295.9069170029834,/mnt/ucc1_recording1/data/observations/20240806T060000/20240806082951Crab_PSR,/mnt/ucc4_data2/data/David/hdrs/mode5/Crab.sigprochdr
Crab,2024-08-07 08:29:51,60529.3540625,4,295.81616785842925,/mnt/ucc1_recording1/data/observations/20240806T060000/20240807082951Crab_PSR,/mnt/ucc4_data2/data/David/hdrs/mode5/Crab.sigprochdr
Crab,2024-06-18 10:59:51,60479.45822916667,4,618.5668222950771,/mnt/ucc1_recording1/data/observations/20240618T070000/20240618105951Crab_PSR,/mnt/ucc4_data2/data/David/hdrs/mode5/Crab.sigprochdr
Crab,2024-06-19 11:29:51,60480.4790625,4,600.6222143052146,/mnt/ucc1_recording1/data/observations/20240618T070000/20240619112951Crab_PSR,/mnt/ucc4_data2/data/David/hdrs/mode5/Crab.sigprochdr
J1022+1001,2024-11-03 05:59:51,60617.24989583333,4,1028.5117846019566,/mnt/ucc1_recording1/data/observations/20241103T053000/20241103055951J1022+1001_PSR,/mnt/ucc4_data2/data/David/hdrs/mode5/J1022+1001.sigprochdr
Crab,2024-07-16 10:09:51,60507.42350694444,4,193.5004994124174,/mnt/ucc1_recording1/data/observations/20240716T091800/20240716100951Crab_PSR,/mnt/ucc4_data2/data/David/hdrs/mode5/Crab.sigprochdr
Crab,2024-07-17 10:09:51,60508.42350694444,4,193.33225628361106,/mnt/ucc1_recording1/data/observations/20240716T091800/20240717100951Crab_PSR,/mnt/ucc4_data2/data/David/hdrs/mode5/Crab.sigprochdr
J2145-0750,2024-01-19 11:59:51,60328.49989583333,4,402.0078285243362,/mnt/ucc1_recording1/data/observations/20240119T073000/20240119115951J2145-0750_PSR,/mnt/ucc4_data2/data/David/hdrs/mode5/J2145-0750.sigprochdr
J1538+2345,2024-01-19 07:59:51,60328.33322916667,3,363.87246365565807,/mnt/ucc1_recording1/data/observations/20240119T073000/20240119075951J1538+2345,/mnt/ucc4_data2/data/David/hdrs/mode5/J1538+2345.sigprochdr
J1645-0317,2024-01-19 08:59:51,60328.37489583333,4,171.18600469082594,/mnt/ucc1_recording1/data/observations/20240119T073000/20240119085951J1645-0317_PSR,/mnt/ucc4_data2/data/David/hdrs/mode5/J1645-0317.sigprochdr
J1732+54,2024-01-19 09:19:51,60328.38878472222,4,879.930051131174,/mnt/ucc1_recording1/data/observations/20240119T073000/20240119091951J1732+54,/mnt/ucc4_data2/data/David/hdrs/mode5/J1732+54.sigprochdr
J1832+27,2024-01-19 10:59:51,60328.45822916667,4,547.9503732612357,/mnt/ucc1_recording1/data/observations/20240119T073000/20240119105951J1832+27_PSR,/mnt/ucc4_data2/data/David/hdrs/mode5/J1832+27.sigprochdr
B2224+65,2025-01-22 15:29:51,60697.64572916667,4,281.2934409426525,/mnt/ucc1_recording1/data/observations/20250121T153000/20250122152951B2224+65,/mnt/ucc4_data2/data/David/hdrs/mode5/B2224+65.sigprochdr
B2224+65,2025-01-22 12:29:51,60697.52072916667,4,552.8431586204097,/mnt/ucc1_recording1/data/observations/20250121T153000/20250122122951B2224+65,/mnt/ucc4_data2/data/David/hdrs/mode5/B2224+65.sigprochdr
J1744-1134,2024-05-14 23:59:51,60444.99989583333,4,546.4684828156605,/mnt/ucc1_recording1/data/observations/20240514T080100/20240514235951J1744-1134,/mnt/ucc4_data2/data/David/hdrs/mode5/J1744-1134.sigprochdr
J0030+0451,2024-11-17 19:59:51,60631.83322916667,4,1041.9184901574627,/mnt/ucc1_recording1/data/observations/20241117T193000/20241117195951J0030+0451,/mnt/ucc4_data2/data/David/hdrs/mode5/J0030+0451.sigprochdr
LOFTS0127,2024-11-20 17:09:51,60634.71517361111,4,474.3810699181631,/mnt/ucc1_recording1/data/observations/20241119T173600/20241120170951LOFTS0127,Unknown
LOFTS0124,2024-11-20 13:06:51,60634.546423611115,4,711.5188397392631,/mnt/ucc1_recording1/data/observations/20241119T173600/20241120130651LOFTS0124,Unknown
LOFTS0126,2024-11-20 15:48:51,60634.65892361111,4,730.3510793568566,/mnt/ucc1_recording1/data/observations/20241119T173600/20241120154851LOFTS0126,Unknown
LOFTS0125,2024-11-20 14:27:51,60634.60267361111,4,731.4840982640162,/mnt/ucc1_recording1/data/observations/20241119T173600/20241120142751LOFTS0125,Unknown
GOTO065054.49+593624.51,2024-10-22 09:20:51,60605.38947916667,4,1053.6877618236467,/mnt/ucc1_recording1/data/observations/20241022T085100/20241022092051GOTO065054.49+593624.51,/mnt/ucc4_data2/data/David/hdrs/mode5/GOTO065054.49+593624.51.sigprochdr
J1022+1001,2024-01-17 02:59:51,60326.12489583333,4,74.32556329853833,/mnt/ucc1_recording1/data/observations/20240116T073000/20240117025951J1022+1001_PSR,/mnt/ucc4_data2/data/David/hdrs/mode5/J1022+1001.sigprochdr
B0329+54,2024-01-17 01:59:51,60326.08322916667,4,283.6692955940962,/mnt/ucc1_recording1/data/observations/20240116T073000/20240117015951B0329+54_PSR,/mnt/ucc4_data2/data/David/hdrs/mode5/B0329+54.sigprochdr
B0329+54,2024-01-16 21:59:51,60325.9165625,4,4.842877388000488e-08,/mnt/ucc1_recording1/data/observations/20240116T073000/20240116215951B0329+54_PSR,/mnt/ucc4_data2/data/David/hdrs/mode5/B0329+54.sigprochdr
B0329+54,2024-01-17 07:59:52,60326.33324074074,4,137.458277605474,/mnt/ucc1_recording1/data/observations/20240116T073000/20240117075952B0329+54_PSR,/mnt/ucc4_data2/data/David/hdrs/mode5/B0329+54.sigprochdr
B0329+54,2024-01-17 03:39:51,60326.15267361111,4,4.842877388000488e-08,/mnt/ucc1_recording1/data/observations/20240116T073000/20240117033951B0329+54_PSR,/mnt/ucc4_data2/data/David/hdrs/mode5/B0329+54.sigprochdr
B0329+54,2024-01-17 09:59:51,60326.4165625,4,134.38354713097215,/mnt/ucc1_recording1/data/observations/20240116T073000/20240117095951B0329+54_PSR,/mnt/ucc4_data2/data/David/hdrs/mode5/B0329+54.sigprochdr
J0034-0534,2024-01-16 14:59:51,60325.62489583333,4,4.842877388000488e-08,/mnt/ucc1_recording1/data/observations/20240116T073000/20240116145951J0034-0534_PSR,/mnt/ucc4_data2/data/David/hdrs/mode5/J0034-0534.sigprochdr
J2145-0750,2024-01-16 11:59:51,60325.49989583333,4,486.10051959194243,/mnt/ucc1_recording1/data/observations/20240116T073000/20240116115951J2145-0750_PSR,/mnt/ucc4_data2/data/David/hdrs/mode5/J2145-0750.sigprochdr
B0329+54,2024-01-17 06:59:51,60326.2915625,4,4.842877388000488e-08,/mnt/ucc1_recording1/data/observations/20240116T073000/20240117065951B0329+54_PSR,/mnt/ucc4_data2/data/David/hdrs/mode5/B0329+54.sigprochdr
B0329+54,2024-01-17 10:59:51,60326.45822916667,4,132.29840506706387,/mnt/ucc1_recording1/data/observations/20240116T073000/20240117105951B0329+54_PSR,/mnt/ucc4_data2/data/David/hdrs/mode5/B0329+54.sigprochdr
B0329+54,2024-01-17 08:59:51,60326.37489583333,4,4.842877388000488e-08,/mnt/ucc1_recording1/data/observations/20240116T073000/20240117085951B0329+54_PSR,/mnt/ucc4_data2/data/David/hdrs/mode5/B0329+54.sigprochdr
B0329+54,2024-01-17 05:59:51,60326.24989583333,4,263.83207712415606,/mnt/ucc1_recording1/data/observations/20240116T073000/20240117055951B0329+54_PSR,/mnt/ucc4_data2/data/David/hdrs/mode5/B0329+54.sigprochdr
B0329+54,2024-01-16 22:59:51,60325.95822916667,4,4.842877388000488e-08,/mnt/ucc1_recording1/data/observations/20240116T073000/20240116225951B0329+54_PSR,/mnt/ucc4_data2/data/David/hdrs/mode5/B0329+54.sigprochdr
B0329+54,2024-01-16 16:59:51,60325.70822916667,4,443.4804797936231,/mnt/ucc1_recording1/data/observations/20240116T073000/20240116165951B0329+54_PSR,/mnt/ucc4_data2/data/David/hdrs/mode5/B0329+54.sigprochdr
J2145-0750,2024-01-17 11:59:51,60326.49989583333,4,43.85011231992394,/mnt/ucc1_recording1/data/observations/20240116T073000/20240117115951J2145-0750_PSR,/mnt/ucc4_data2/data/David/hdrs/mode5/J2145-0750.sigprochdr
B0329+54,2024-01-16 18:59:51,60325.7915625,4,4.842877388000488e-08,/mnt/ucc1_recording1/data/observations/20240116T073000/20240116185951B0329+54_PSR,/mnt/ucc4_data2/data/David/hdrs/mode5/B0329+54.sigprochdr
B0329+54,2024-01-17 00:59:51,60326.0415625,4,135.26413088757545,/mnt/ucc1_recording1/data/observations/20240116T073000/20240117005951B0329+54_PSR,/mnt/ucc4_data2/data/David/hdrs/mode5/B0329+54.sigprochdr
B0329+54,2024-01-16 19:59:51,60325.83322916667,4,4.842877388000488e-08,/mnt/ucc1_recording1/data/observations/20240116T073000/20240116195951B0329+54_PSR,/mnt/ucc4_data2/data/David/hdrs/mode5/B0329+54.sigprochdr
Crab,2024-09-14 05:59:51,60567.24989583333,4,296.20970853138715,/mnt/ucc1_recording1/data/observations/20240913T151500/20240914055951Crab_PSR,/mnt/ucc4_data2/data/David/hdrs/mode5/Crab.sigprochdr
LOFTS0062,2024-10-16 02:11:51,60599.091562500005,4,729.9945738641545,/mnt/ucc1_recording1/data/observations/20241015T173600/20241016021151LOFTS0062,Unknown
LOFTS0065,2024-10-16 06:21:51,60599.265173611115,4,696.0173500683159,/mnt/ucc1_recording1/data/observations/20241015T173600/20241016062151LOFTS0065,Unknown
LOFTS0063,2024-10-16 03:32:51,60599.1478125,4,717.1537347044796,/mnt/ucc1_recording1/data/observations/20241015T173600/20241016033251LOFTS0063,Unknown
LOFTS0071,2024-10-16 14:27:51,60599.60267361111,4,699.724546186626,/mnt/ucc1_recording1/data/observations/20241015T173600/20241016142751LOFTS0071,Unknown
Crab,2024-05-08 12:05:51,60438.5040625,4,566.5765037052333,/mnt/ucc1_recording1/data/observations/20240507T060000/20240508120551Crab_PSR,/mnt/ucc4_data2/data/David/hdrs/mode5/Crab.sigprochdr
J1532+00,2024-05-07 23:17:51,60437.97072916667,4,791.5644029686227,/mnt/ucc1_recording1/data/observations/20240507T060000/20240507231751J1532+00,/mnt/ucc4_data2/data/David/hdrs/mode5/J1532+00.sigprochdr
Crab,2024-08-12 07:59:51,60534.33322916667,4,447.74814425967634,/mnt/ucc1_recording1/data/observations/20240812T063000/20240812075951Crab_PSR,/mnt/ucc4_data2/data/David/hdrs/mode5/Crab.sigprochdr
B1508+55,2025-02-26 03:44:51,60732.15614583333,4,1548.350075245835,/mnt/ucc1_recording1/data/observations/20250226T031500/20250226034451B1508+55_PSR,/mnt/ucc4_data2/data/David/hdrs/mode5/B1508+55.sigprochdr
J1758+44,2024-09-03 19:29:51,60556.81239583333,4,4.842877388000488e-08,/mnt/ucc1_recording1/data/observations/20240903T043000/20240903192951J1758+44,/mnt/ucc4_data2/data/David/hdrs/mode5/J1758+44.sigprochdr
J1732+54,2024-09-03 18:29:51,60556.77072916667,4,4.842877388000488e-08,/mnt/ucc1_recording1/data/observations/20240903T043000/20240903182951J1732+54,/mnt/ucc4_data2/data/David/hdrs/mode5/J1732+54.sigprochdr
J1548+09,2024-09-03 17:29:51,60556.7290625,4,4.842877388000488e-08,/mnt/ucc1_recording1/data/observations/20240903T043000/20240903172951J1548+09,/mnt/ucc4_data2/data/David/hdrs/mode5/J1548+09.sigprochdr
J1541+47,2024-09-03 16:29:51,60556.68739583333,4,4.842877388000488e-08,/mnt/ucc1_recording1/data/observations/20240903T043000/20240903162951J1541+47,/mnt/ucc4_data2/data/David/hdrs/mode5/J1541+47.sigprochdr
Crab,2024-09-03 06:59:51,60556.2915625,4,295.8301982693374,/mnt/ucc1_recording1/data/observations/20240903T043000/20240903065951Crab_PSR,/mnt/ucc4_data2/data/David/hdrs/mode5/Crab.sigprochdr
J1412+31,2024-09-03 15:29:51,60556.64572916667,4,4.842877388000488e-08,/mnt/ucc1_recording1/data/observations/20240903T043000/20240903152951J1412+31,/mnt/ucc4_data2/data/David/hdrs/mode5/J1412+31.sigprochdr
J0034-0534,2024-01-09 17:39:51,60318.73600694444,4,341.37384355068207,/mnt/ucc1_recording1/data/observations/20240109T073000/20240109173951J0034-0534_PSR,/mnt/ucc4_data2/data/David/hdrs/mode5/J0034-0534.sigprochdr
J1022+1001,2024-01-10 03:39:51,60319.15267361111,4,335.7847310146317,/mnt/ucc1_recording1/data/observations/20240109T073000/20240110033951J1022+1001_PSR,/mnt/ucc4_data2/data/David/hdrs/mode5/J1022+1001.sigprochdr
J2145-0750,2024-01-09 14:59:51,60318.62489583333,4,344.00780570786446,/mnt/ucc1_recording1/data/observations/20240109T073000/20240109145951J2145-0750_PSR,/mnt/ucc4_data2/data/David/hdrs/mode5/J2145-0750.sigprochdr
J0826+2637,2024-01-10 01:49:51,60319.07628472222,4,163.45391280110925,/mnt/ucc1_recording1/data/observations/20240109T073000/20240110014951J0826+2637_PSR,/mnt/ucc4_data2/data/David/hdrs/mode5/J0826+2637.sigprochdr
CHIMERA,2025-03-13 23:24:51,60747.975590277776,4,1376.2472886415198,/mnt/ucc1_recording1/data/observations/20250313T225500/20250313232451CHIMERA,Unknown
Crab,2024-07-09 10:39:51,60500.444340277776,4,194.12294930033386,/mnt/ucc1_recording1/data/observations/20240709T060000/20240709103951Crab_PSR,/mnt/ucc4_data2/data/David/hdrs/mode5/Crab.sigprochdr
J2145-0750,2024-07-10 03:59:51,60501.1665625,4,4.842877388000488e-08,/mnt/ucc1_recording1/data/observations/20240709T060000/20240710035951J2145-0750_PSR,/mnt/ucc4_data2/data/David/hdrs/mode5/J2145-0750.sigprochdr
J0030+0451,2024-07-10 05:29:51,60501.2290625,4,4.842877388000488e-08,/mnt/ucc1_recording1/data/observations/20240709T060000/20240710052951J0030+0451_PSR,/mnt/ucc4_data2/data/David/hdrs/mode5/J0030+0451.sigprochdr
B0329+54,2024-02-27 18:00:52,60367.75060185185,4,266.6978559680283,/mnt/ucc1_recording1/data/observations/20240227T070000/20240227180052B0329+54_PSR,/mnt/ucc4_data2/data/David/hdrs/mode5/B0329+54.sigprochdr
FRB20180301A,2024-02-27 18:29:51,60367.77072916667,4,1354.7956843441352,/mnt/ucc1_recording1/data/observations/20240227T070000/20240227182951FRB20180301A,/mnt/ucc4_data2/data/David/hdrs/mode5/FRB20180301A.sigprochdr
Crab,2024-04-23 15:29:51,60423.64572916667,4,193.62795816455036,/mnt/ucc1_recording1/data/observations/20240423T070000/20240423152951Crab_PSR,/mnt/ucc4_data2/data/David/hdrs/mode5/Crab.sigprochdr
TVLM_513-46,2024-04-12 04:07:51,60412.172118055554,4,1017.69367510546,/mnt/ucc1_recording1/data/observations/20240411T080700/20240412040751TVLM_513-46,/mnt/ucc4_data2/data/David/hdrs/mode5/TVLM_513-46.sigprochdr
CR_Draconis,2024-04-12 06:00:51,60412.25059027778,4,1048.8551170527935,/mnt/ucc1_recording1/data/observations/20240411T080700/20240412060051CR_Draconis,Unknown
Crab,2024-04-12 12:59:51,60412.5415625,4,560.4574251351878,/mnt/ucc1_recording1/data/observations/20240411T080700/20240412125951Crab_PSR,/mnt/ucc4_data2/data/David/hdrs/mode5/Crab.sigprochdr
Crab,2024-07-23 08:59:51,60514.37489583333,4,1209.77332300134,/mnt/ucc1_recording1/data/observations/20240723T060000/20240723085951Crab_PSR,/mnt/ucc4_data2/data/David/hdrs/mode5/Crab.sigprochdr
Crab,2024-07-24 07:59:51,60515.33322916667,4,1615.233497689478,/mnt/ucc1_recording1/data/observations/20240723T060000/20240724075951Crab_PSR,/mnt/ucc4_data2/data/David/hdrs/mode5/Crab.sigprochdr
Crab,2024-06-12 10:54:51,60473.45475694444,4,678.6352999247611,/mnt/ucc1_recording1/data/observations/20240612T081500/20240612105451Crab_PSR,/mnt/ucc4_data2/data/David/hdrs/mode5/Crab.sigprochdr
J2145-0750,2024-10-09 21:00:51,60592.87559027778,4,252.78803911525756,/mnt/ucc1_recording1/data/observations/20241009T203100/20241009210051J2145-0750_PSR,/mnt/ucc4_data2/data/David/hdrs/mode5/J2145-0750.sigprochdr
Crab,2024-10-10 05:00:51,60593.208923611106,4,296.093397539109,/mnt/ucc1_recording1/data/observations/20241009T203100/20241010050051Crab_PSR,/mnt/ucc4_data2/data/David/hdrs/mode5/Crab.sigprochdr
Crab,2024-08-14 07:59:51,60536.33322916667,4,295.3871314898133,/mnt/ucc1_recording1/data/observations/20240813T224500/20240814075951Crab_PSR,/mnt/ucc4_data2/data/David/hdrs/mode5/Crab.sigprochdr
Crab,2024-06-25 11:29:51,60486.4790625,4,295.34274198673666,/mnt/ucc1_recording1/data/observations/20240625T060000/20240625112951Crab_PSR,/mnt/ucc4_data2/data/David/hdrs/mode5/Crab.sigprochdr
J1022+1001,2024-06-25 16:29:51,60486.68739583333,4,501.53324495162815,/mnt/ucc1_recording1/data/observations/20240625T060000/20240625162951J1022+1001_PSR,/mnt/ucc4_data2/data/David/hdrs/mode5/J1022+1001.sigprochdr
LOFTS0018,2024-09-25 17:09:51,60578.71517361111,4,74.76595016382635,/mnt/ucc1_recording1/data/observations/20240925T095500/20240925170951LOFTS0018,Unknown
LOFTS0017,2024-09-25 15:48:51,60578.65892361111,4,699.3004163121805,/mnt/ucc1_recording1/data/observations/20240925T095500/20240925154851LOFTS0017,Unknown
ASKAPJ1839,2024-11-11 16:00:51,60625.66725694445,4,603.7877266593277,/mnt/ucc1_recording1/data/observations/20241111T113000/20241111160051ASKAPJ1839,Unknown
ASKAPJ1832,2024-11-11 15:00:51,60625.62559027778,4,615.1622331868857,/mnt/ucc1_recording1/data/observations/20241111T113000/20241111150051ASKAPJ1832,Unknown
J1022+1001,2024-10-06 08:30:51,60589.35475694445,4,509.5440027648583,/mnt/ucc1_recording1/data/observations/20241006T061500/20241006083051J1022+1001_PSR,/mnt/ucc4_data2/data/David/hdrs/mode5/J1022+1001.sigprochdr
B0329+54,2024-01-17 05:59:52,60326.24990740741,4,249.2444601552561,/mnt/ucc1_recording1/data/observations/20240116T090000/20240117055952B0329+54_PSR,/mnt/ucc4_data2/data/David/hdrs/mode5/B0329+54.sigprochdr
J1022+1001,2024-01-17 02:59:51,60326.12489583333,4,262.96562757808715,/mnt/ucc1_recording1/data/observations/20240116T090000/20240117025951J1022+1001_PSR,/mnt/ucc4_data2/data/David/hdrs/mode5/J1022+1001.sigprochdr
B0329+54,2024-01-17 01:59:51,60326.08322916667,4,255.09329192806035,/mnt/ucc1_recording1/data/observations/20240116T090000/20240117015951B0329+54_PSR,/mnt/ucc4_data2/data/David/hdrs/mode5/B0329+54.sigprochdr
B0329+54,2024-01-16 21:59:51,60325.9165625,4,426.73622164223343,/mnt/ucc1_recording1/data/observations/20240116T090000/20240116215951B0329+54_PSR,/mnt/ucc4_data2/data/David/hdrs/mode5/B0329+54.sigprochdr
B0329+54,2024-01-17 03:39:51,60326.15267361111,4,249.28183348942548,/mnt/ucc1_recording1/data/observations/20240116T090000/20240117033951B0329+54_PSR,/mnt/ucc4_data2/data/David/hdrs/mode5/B0329+54.sigprochdr
B0329+54,2024-01-17 09:59:51,60326.4165625,4,140.06921014096588,/mnt/ucc1_recording1/data/observations/20240116T090000/20240117095951B0329+54_PSR,/mnt/ucc4_data2/data/David/hdrs/mode5/B0329+54.sigprochdr
J2145-0750,2024-01-16 11:59:51,60325.49989583333,4,4.842877388000488e-08,/mnt/ucc1_recording1/data/observations/20240116T090000/20240116115951J2145-0750_PSR,/mnt/ucc4_data2/data/David/hdrs/mode5/J2145-0750.sigprochdr
B0329+54,2024-01-17 07:59:51,60326.33322916667,4,151.63624068628997,/mnt/ucc1_recording1/data/observations/20240116T090000/20240117075951B0329+54_PSR,/mnt/ucc4_data2/data/David/hdrs/mode5/B0329+54.sigprochdr
B0329+54,2024-01-17 06:59:51,60326.2915625,4,291.7419724557549,/mnt/ucc1_recording1/data/observations/20240116T090000/20240117065951B0329+54_PSR,/mnt/ucc4_data2/data/David/hdrs/mode5/B0329+54.sigprochdr
B0329+54,2024-01-17 10:59:51,60326.45822916667,4,402.84638190828264,/mnt/ucc1_recording1/data/observations/20240116T090000/20240117105951B0329+54_PSR,/mnt/ucc4_data2/data/David/hdrs/mode5/B0329+54.sigprochdr
B0329+54,2024-01-17 08:59:51,60326.37489583333,4,293.9931712038815,/mnt/ucc1_recording1/data/observations/20240116T090000/20240117085951B0329+54_PSR,/mnt/ucc4_data2/data/David/hdrs/mode5/B0329+54.sigprochdr
B0329+54,2024-01-16 20:59:51,60325.87489583333,4,4.842877388000488e-08,/mnt/ucc1_recording1/data/observations/20240116T090000/20240116205951B0329+54_PSR,/mnt/ucc4_data2/data/David/hdrs/mode5/B0329+54.sigprochdr
B0329+54,2024-01-16 17:59:51,60325.74989583333,4,4.842877388000488e-08,/mnt/ucc1_recording1/data/observations/20240116T090000/20240116175951B0329+54_PSR,/mnt/ucc4_data2/data/David/hdrs/mode5/B0329+54.sigprochdr
B0329+54,2024-01-16 22:59:51,60325.95822916667,4,253.47356905415654,/mnt/ucc1_recording1/data/observations/20240116T090000/20240116225951B0329+54_PSR,/mnt/ucc4_data2/data/David/hdrs/mode5/B0329+54.sigprochdr
B0329+54,2024-01-16 15:59:51,60325.6665625,4,262.8361093280837,/mnt/ucc1_recording1/data/observations/20240116T090000/20240116155951B0329+54_PSR,/mnt/ucc4_data2/data/David/hdrs/mode5/B0329+54.sigprochdr
J0034-0534,2024-01-16 15:14:51,60325.6353125,4,210.7160849897191,/mnt/ucc1_recording1/data/observations/20240116T090000/20240116151451J0034-0534_PSR,/mnt/ucc4_data2/data/David/hdrs/mode5/J0034-0534.sigprochdr
B0329+54,2024-01-16 16:59:51,60325.70822916667,4,116.78403249569237,/mnt/ucc1_recording1/data/observations/20240116T090000/20240116165951B0329+54_PSR,/mnt/ucc4_data2/data/David/hdrs/mode5/B0329+54.sigprochdr
J2145-0750,2024-01-17 11:59:51,60326.49989583333,4,42.7610486196354,/mnt/ucc1_recording1/data/observations/20240116T090000/20240117115951J2145-0750_PSR,/mnt/ucc4_data2/data/David/hdrs/mode5/J2145-0750.sigprochdr
B0329+54,2024-01-16 23:59:51,60325.99989583333,4,4.842877388000488e-08,/mnt/ucc1_recording1/data/observations/20240116T090000/20240116235951B0329+54_PSR,/mnt/ucc4_data2/data/David/hdrs/mode5/B0329+54.sigprochdr
B0329+54,2024-01-16 18:59:51,60325.7915625,4,4.842877388000488e-08,/mnt/ucc1_recording1/data/observations/20240116T090000/20240116185951B0329+54_PSR,/mnt/ucc4_data2/data/David/hdrs/mode5/B0329+54.sigprochdr
B0329+54,2024-01-17 00:59:51,60326.0415625,4,408.4892071932554,/mnt/ucc1_recording1/data/observations/20240116T090000/20240117005951B0329+54_PSR,/mnt/ucc4_data2/data/David/hdrs/mode5/B0329+54.sigprochdr
B0329+54,2024-01-16 19:59:51,60325.83322916667,4,4.842877388000488e-08,/mnt/ucc1_recording1/data/observations/20240116T090000/20240116195951B0329+54_PSR,/mnt/ucc4_data2/data/David/hdrs/mode5/B0329+54.sigprochdr
B0329+54,2024-01-16 10:41:59,60325.44582175926,4,4.842877388000488e-08,/mnt/ucc1_recording1/data/observations/20240116T090000/20240116104159B0329+54_PSR,/mnt/ucc4_data2/data/David/hdrs/mode5/B0329+54.sigprochdr
B0329+54,2024-01-17 04:59:51,60326.20822916667,4,4.842877388000488e-08,/mnt/ucc1_recording1/data/observations/20240116T090000/20240117045951B0329+54_PSR,/mnt/ucc4_data2/data/David/hdrs/mode5/B0329+54.sigprochdr
B0329+54,2024-01-16 10:59:51,60325.45822916667,4,4.842877388000488e-08,/mnt/ucc1_recording1/data/observations/20240116T090000/20240116105951B0329+54_PSR,/mnt/ucc4_data2/data/David/hdrs/mode5/B0329+54.sigprochdr
B1946+35,2024-11-21 17:29:51,60635.7290625,4,553.1218275194988,/mnt/ucc1_recording1/data/observations/20241121T140000/20241121172951B1946+35,/mnt/ucc4_data2/data/David/hdrs/mode5/B1946+35.sigprochdr
B1946+35,2024-11-21 15:29:51,60635.64572916667,4,552.2162782875821,/mnt/ucc1_recording1/data/observations/20241121T140000/20241121152951B1946+35,/mnt/ucc4_data2/data/David/hdrs/mode5/B1946+35.sigprochdr
B1946+35,2024-11-21 16:29:51,60635.68739583333,4,551.0883781248704,/mnt/ucc1_recording1/data/observations/20241121T140000/20241121162951B1946+35,/mnt/ucc4_data2/data/David/hdrs/mode5/B1946+35.sigprochdr
B1946+35,2024-11-21 14:52:58,60635.62011574074,4,301.7537747118622,/mnt/ucc1_recording1/data/observations/20241121T140000/20241121145258B1946+35,/mnt/ucc4_data2/data/David/hdrs/mode5/B1946+35.sigprochdr
B1946+35,2024-11-21 19:29:51,60635.81239583333,4,549.9032317930833,/mnt/ucc1_recording1/data/observations/20241121T140000/20241121192951B1946+35,/mnt/ucc4_data2/data/David/hdrs/mode5/B1946+35.sigprochdr
B1946+35,2024-11-21 18:29:51,60635.77072916667,4,550.9065824626014,/mnt/ucc1_recording1/data/observations/20241121T140000/20241121182951B1946+35,/mnt/ucc4_data2/data/David/hdrs/mode5/B1946+35.sigprochdr
Sun357IGNORE_ELEVATION,2024-02-20 15:19:22,60360.638449074075,4,4.842877388000488e-08,/mnt/ucc1_recording1/data/observations/observations/20240220T073000/20240220151922Sun357IGNORE_ELEVATION,Unknown
Sun357IGNORE_ELEVATION,2024-02-21 08:29:22,60361.353726851856,4,4.842877388000488e-08,/mnt/ucc1_recording1/data/observations/observations/20240220T073000/20240221082922Sun357IGNORE_ELEVATION,Unknown
Crab,2024-04-12 13:31:24,60412.563472222224,4,4.842877388000488e-08,/mnt/ucc1_recording1/data/observations/observations/20240412T103600/20240412133124Crab_PSR,/mnt/ucc4_data2/data/David/hdrs/mode5/Crab.sigprochdr
FRB20240318,2024-04-16 21:37:51,60416.90128472222,4,1187.914563513361,/mnt/ucc1_recording1/data/observations/20240415T133000/20240416213751FRB20240318,/mnt/ucc4_data2/data/David/hdrs/mode5/FRB20240318.sigprochdr
FRB20240318,2024-04-16 17:00:51,60416.708923611106,4,329.81817577034235,/mnt/ucc1_recording1/data/observations/20240415T133000/20240416170051FRB20240318,/mnt/ucc4_data2/data/David/hdrs/mode5/FRB20240318.sigprochdr
J2145-0750,2024-10-17 20:00:51,60600.833923611106,4,515.1416766503826,/mnt/ucc1_recording1/data/observations/20241017T173000/20241017200051J2145-0750,/mnt/ucc4_data2/data/David/hdrs/mode5/J2145-0750.sigprochdr
B0329+54,2024-01-18 07:59:51,60327.33322916667,4,552.000354190357,/mnt/ucc1_recording1/data/observations/20240118T073000/20240118075951B0329+54_PSR,/mnt/ucc4_data2/data/David/hdrs/mode5/B0329+54.sigprochdr
B0329+54,2024-01-18 08:59:51,60327.37489583333,4,551.061146043241,/mnt/ucc1_recording1/data/observations/20240118T073000/20240118085951B0329+54_PSR,/mnt/ucc4_data2/data/David/hdrs/mode5/B0329+54.sigprochdr
J2145-0750,2024-01-18 11:59:51,60327.49989583333,4,315.1129400571808,/mnt/ucc1_recording1/data/observations/20240118T073000/20240118115951J2145-0750_PSR,/mnt/ucc4_data2/data/David/hdrs/mode5/J2145-0750.sigprochdr
B0329+54,2024-01-18 09:59:51,60327.4165625,4,451.60099124815315,/mnt/ucc1_recording1/data/observations/20240118T073000/20240118095951B0329+54_PSR,/mnt/ucc4_data2/data/David/hdrs/mode5/B0329+54.sigprochdr
B0329+54,2024-01-18 10:59:51,60327.45822916667,4,132.96183065604419,/mnt/ucc1_recording1/data/observations/20240118T073000/20240118105951B0329+54_PSR,/mnt/ucc4_data2/data/David/hdrs/mode5/B0329+54.sigprochdr
J1022+1001,2024-11-18 05:59:51,60632.24989583333,4,1032.384527048096,/mnt/ucc1_recording1/data/observations/20241118T053000/20241118055951J1022+1001_PSR,/mnt/ucc4_data2/data/David/hdrs/mode5/J1022+1001.sigprochdr
J2145-0750,2024-11-18 17:30:51,60632.72975694445,4,773.6829449739307,/mnt/ucc1_recording1/data/observations/20241118T053000/20241118173051J2145-0750,/mnt/ucc4_data2/data/David/hdrs/mode5/J2145-0750.sigprochdr
B1133+16,2024-11-19 14:29:51,60633.6040625,4,514.873534090817,/mnt/ucc1_recording1/data/observations/20241119T010000/20241119142951B1133+16,/mnt/ucc4_data2/data/David/hdrs/mode5/B1133+16.sigprochdr
Crab,2024-08-20 07:29:51,60542.31239583333,4,294.73356691841036,/mnt/ucc1_recording1/data/observations/20240820T060000/20240820072951Crab_PSR,/mnt/ucc4_data2/data/David/hdrs/mode5/Crab.sigprochdr
Sun357,2024-11-25 11:30:22,60639.479421296295,4,1160.4652138696983,/mnt/ucc1_recording1/data/observations/20241125T110100/20241125113022Sun357,Unknown
J1744-1134,2024-05-28 23:29:51,60458.9790625,4,545.8409670470282,/mnt/ucc1_recording1/data/observations/20240528T060000/20240528232951J1744-1134,/mnt/ucc4_data2/data/David/hdrs/mode5/J1744-1134.sigprochdr
J0030+0451,2024-05-29 06:29:51,60459.27072916667,4,522.1137744747102,/mnt/ucc1_recording1/data/observations/20240528T060000/20240529062951J0030+0451_PSR,/mnt/ucc4_data2/data/David/hdrs/mode5/J0030+0451.sigprochdr
Crab,2024-05-28 11:59:51,60458.49989583333,4,607.3576820706949,/mnt/ucc1_recording1/data/observations/20240528T060000/20240528115951Crab_PSR,/mnt/ucc4_data2/data/David/hdrs/mode5/Crab.sigprochdr
GOTO065054.49+593624.51,2024-10-22 05:59:51,60605.24989583333,4,1051.7803523559123,/mnt/ucc1_recording1/data/observations/20241021T193000/20241022055951GOTO065054.49+593624.51,/mnt/ucc4_data2/data/David/hdrs/mode5/GOTO065054.49+593624.51.sigprochdr
GOTO065054.49+593624.51,2024-10-22 03:59:51,60605.1665625,4,1052.8285284172744,/mnt/ucc1_recording1/data/observations/20241021T193000/20241022035951GOTO065054.49+593624.51,/mnt/ucc4_data2/data/David/hdrs/mode5/GOTO065054.49+593624.51.sigprochdr
J0034-0534,2024-10-21 22:59:51,60604.95822916667,4,380.3870596503839,/mnt/ucc1_recording1/data/observations/20241021T193000/20241021225951J0034-0534_PSR,/mnt/ucc4_data2/data/David/hdrs/mode5/J0034-0534.sigprochdr
Crab,2024-10-22 03:29:51,60605.14572916667,4,296.04481973685324,/mnt/ucc1_recording1/data/observations/20241021T193000/20241022032951Crab_PSR,/mnt/ucc4_data2/data/David/hdrs/mode5/Crab.sigprochdr
J2145-0750,2024-10-21 19:59:51,60604.83322916667,4,385.08002207800746,/mnt/ucc1_recording1/data/observations/20241021T193000/20241021195951J2145-0750_PSR,/mnt/ucc4_data2/data/David/hdrs/mode5/J2145-0750.sigprochdr
Sun357,2025-03-30 10:00:22,60764.416921296295,4,141.47538655158132,/mnt/ucc1_recording1/data/observations/20250330T070100/20250330100022Sun357,Unknown
Sun357,2025-03-30 14:00:22,60764.58358796296,4,4.842877388000488e-08,/mnt/ucc1_recording1/data/observations/20250330T070100/20250330140022Sun357,Unknown
Sun357,2025-03-30 09:00:22,60764.37525462963,4,119.86299772560596,/mnt/ucc1_recording1/data/observations/20250330T070100/20250330090022Sun357,Unknown
Sun357,2025-03-30 07:30:22,60764.31275462963,4,4.842877388000488e-08,/mnt/ucc1_recording1/data/observations/20250330T070100/20250330073022Sun357,Unknown
Sun357,2025-03-30 13:00:22,60764.541921296295,4,4.842877388000488e-08,/mnt/ucc1_recording1/data/observations/20250330T070100/20250330130022Sun357,Unknown
Sun357,2025-03-30 15:00:22,60764.62525462963,4,296.56624507252127,/mnt/ucc1_recording1/data/observations/20250330T070100/20250330150022Sun357,Unknown
Sun357,2025-03-30 16:00:22,60764.666921296295,4,252.06854309607297,/mnt/ucc1_recording1/data/observations/20250330T070100/20250330160022Sun357,Unknown
Sun357,2025-03-30 12:00:22,60764.50025462963,4,169.86668945662677,/mnt/ucc1_recording1/data/observations/20250330T070100/20250330120022Sun357,Unknown
Sun357,2025-03-30 11:00:22,60764.45858796296,4,143.6029500812292,/mnt/ucc1_recording1/data/observations/20250330T070100/20250330110022Sun357,Unknown
J2145-0750,2024-10-14 19:10:51,60597.79920138889,4,562.4810415171087,/mnt/ucc1_recording1/data/observations/20241014T092000/20241014191051J2145-0750,/mnt/ucc4_data2/data/David/hdrs/mode5/J2145-0750.sigprochdr
J1022+1001,2024-10-15 06:00:51,60598.25059027778,4,499.19957369193435,/mnt/ucc1_recording1/data/observations/20241014T092000/20241015060051J1022+1001_PSR,/mnt/ucc4_data2/data/David/hdrs/mode5/J1022+1001.sigprochdr
J0030+0451,2024-10-14 23:30:51,60597.97975694445,4,767.9214737843722,/mnt/ucc1_recording1/data/observations/20241014T092000/20241014233051J0030+0451,/mnt/ucc4_data2/data/David/hdrs/mode5/J0030+0451.sigprochdr
J1548+09,2024-10-28 13:15:51,60611.552673611106,4,144.68725322186947,/mnt/ucc1_recording1/data/observations/20241028T084500/20241028131551J1548+09,/mnt/ucc4_data2/data/David/hdrs/mode5/J1548+09.sigprochdr
J0103+54,2024-10-28 20:30:51,60611.85475694445,4,4.842877388000488e-08,/mnt/ucc1_recording1/data/observations/20241028T084500/20241028203051J0103+54,/mnt/ucc4_data2/data/David/hdrs/mode5/J0103+54.sigprochdr
J1541+47,2024-10-28 10:14:51,60611.42697916667,4,515.8039623787627,/mnt/ucc1_recording1/data/observations/20241028T084500/20241028101451J1541+47,/mnt/ucc4_data2/data/David/hdrs/mode5/J1541+47.sigprochdr
J2153+44,2024-10-28 17:00:51,60611.708923611106,4,4.842877388000488e-08,/mnt/ucc1_recording1/data/observations/20241028T084500/20241028170051J2153+44,/mnt/ucc4_data2/data/David/hdrs/mode5/J2153+44.sigprochdr
J1218+47,2024-10-28 09:14:51,60611.3853125,4,574.7572542708367,/mnt/ucc1_recording1/data/observations/20241028T084500/20241028091451J1218+47,/mnt/ucc4_data2/data/David/hdrs/mode5/J1218+47.sigprochdr
J1836+51,2024-10-28 15:00:51,60611.62559027778,4,4.842877388000488e-08,/mnt/ucc1_recording1/data/observations/20241028T084500/20241028150051J1836+51_PSR,/mnt/ucc4_data2/data/David/hdrs/mode5/J1836+51.sigprochdr
J2215+45,2024-10-28 18:59:51,60611.7915625,4,4.842877388000488e-08,/mnt/ucc1_recording1/data/observations/20241028T084500/20241028185951J2215+45,/mnt/ucc4_data2/data/David/hdrs/mode5/J2215+45.sigprochdr
J1931+4229,2024-10-28 16:00:51,60611.66725694445,4,4.842877388000488e-08,/mnt/ucc1_recording1/data/observations/20241028T084500/20241028160051J1931+4229,/mnt/ucc4_data2/data/David/hdrs/mode5/J1931+4229.sigprochdr
J1908+2105,2025-02-21 08:59:51,60727.37489583333,4,563.3203647369519,/mnt/ucc1_recording1/data/observations/20250221T083000/20250221085951J1908+2105_PSR,/mnt/ucc4_data2/data/David/hdrs/mode5/J1908+2105.sigprochdr
J2145-0750,2025-02-21 11:59:51,60727.49989583333,4,263.4071549298242,/mnt/ucc1_recording1/data/observations/20250221T083000/20250221115951J2145-0750_PSR,/mnt/ucc4_data2/data/David/hdrs/mode5/J2145-0750.sigprochdr
J0034-0534,2025-02-21 14:44:51,60727.61447916667,4,261.6474119024351,/mnt/ucc1_recording1/data/observations/20250221T083000/20250221144451J0034-0534_PSR,/mnt/ucc4_data2/data/David/hdrs/mode5/J0034-0534.sigprochdr
Crab,2024-08-27 06:59:51,60549.2915625,4,294.65671817958355,/mnt/ucc1_recording1/data/observations/20240827T063000/20240827065951Crab_PSR,/mnt/ucc4_data2/data/David/hdrs/mode5/Crab.sigprochdr
J2008+3758,2024-09-27 17:59:51,60580.74989583333,4,1181.072212570347,/mnt/ucc1_recording1/data/observations/20240927T135000/20240927175951J2008+3758,/mnt/ucc4_data2/data/David/hdrs/mode5/J2008+3758.sigprochdr
J1808+62,2024-09-27 15:59:51,60580.6665625,4,1065.4868730185553,/mnt/ucc1_recording1/data/observations/20240927T135000/20240927155951J1808+62,Unknown
J1022+1001,2024-05-21 17:59:51,60451.74989583333,4,495.180772529915,/mnt/ucc1_recording1/data/observations/20240521T070000/20240521175951J1022+1001_PSR,/mnt/ucc4_data2/data/David/hdrs/mode5/J1022+1001.sigprochdr
J1336+3346,2024-05-21 19:59:51,60451.83322916667,4,510.6802148120478,/mnt/ucc1_recording1/data/observations/20240521T070000/20240521195951J1336+3346,/mnt/ucc4_data2/data/David/hdrs/mode5/J1336+3346.sigprochdr
Crab,2024-05-21 12:59:51,60451.5415625,4,603.6721425773576,/mnt/ucc1_recording1/data/observations/20240521T070000/20240521125951Crab_PSR,/mnt/ucc4_data2/data/David/hdrs/mode5/Crab.sigprochdr
J1645-0317,2024-02-06 07:29:51,60346.31239583333,4,196.9828395145014,/mnt/ucc1_recording1/data/observations/20240206T070000/20240206072951J1645-0317_PSR,/mnt/ucc4_data2/data/David/hdrs/mode5/J1645-0317.sigprochdr
J1732+2700,2024-02-06 08:22:51,60346.34920138889,4,685.5441201105714,/mnt/ucc1_recording1/data/observations/20240206T070000/20240206082251J1732+2700,/mnt/ucc4_data2/data/David/hdrs/mode5/J1732+2700.sigprochdr
LOFTS0018,2024-09-25 17:29:51,60578.7290625,4,275.44569837860763,/mnt/ucc1_recording1/data/observations/20240925T170000/20240925172951LOFTS0018,Unknown
